-- MySQL dump 10.13  Distrib 8.0.27, for Linux (x86_64)
--
-- Host: 127.0.0.1    Database: minigolf
-- ------------------------------------------------------
-- Server version	8.0.27-0ubuntu0.20.04.1

/*!40101 SET @OLD_CHARACTER_SET_CLIENT=@@CHARACTER_SET_CLIENT */;
/*!40101 SET @OLD_CHARACTER_SET_RESULTS=@@CHARACTER_SET_RESULTS */;
/*!40101 SET @OLD_COLLATION_CONNECTION=@@COLLATION_CONNECTION */;
/*!50503 SET NAMES utf8mb4 */;
/*!40103 SET @OLD_TIME_ZONE=@@TIME_ZONE */;
/*!40103 SET TIME_ZONE='+00:00' */;
/*!40014 SET @OLD_UNIQUE_CHECKS=@@UNIQUE_CHECKS, UNIQUE_CHECKS=0 */;
/*!40014 SET @OLD_FOREIGN_KEY_CHECKS=@@FOREIGN_KEY_CHECKS, FOREIGN_KEY_CHECKS=0 */;
/*!40101 SET @OLD_SQL_MODE=@@SQL_MODE, SQL_MODE='NO_AUTO_VALUE_ON_ZERO' */;
/*!40111 SET @OLD_SQL_NOTES=@@SQL_NOTES, SQL_NOTES=0 */;

--
-- Table structure for table `accounts`
--

DROP TABLE IF EXISTS `accounts`;
/*!40101 SET @saved_cs_client     = @@character_set_client */;
/*!50503 SET character_set_client = utf8mb4 */;
CREATE TABLE `accounts` (
  `id` int NOT NULL AUTO_INCREMENT,
  `created` varchar(10) COLLATE utf8mb4_unicode_ci NOT NULL,
  `login` varchar(50) COLLATE utf8mb4_unicode_ci NOT NULL,
  `password` varchar(60) COLLATE utf8mb4_unicode_ci DEFAULT NULL,
  PRIMARY KEY (`id`),
  UNIQUE KEY `accounts_id_uindex` (`id`),
  UNIQUE KEY `accounts_login_uindex` (`login`)
) ENGINE=InnoDB AUTO_INCREMENT=2 DEFAULT CHARSET=utf8mb4 COLLATE=utf8mb4_unicode_ci;
/*!40101 SET character_set_client = @saved_cs_client */;

--
-- Dumping data for table `accounts`
--

LOCK TABLES `accounts` WRITE;
/*!40000 ALTER TABLE `accounts` DISABLE KEYS */;
INSERT INTO `accounts` VALUES (1,'2021-10-09','admin','$2a$10$/6nIyNcS5ad0Unb0i8eSCuNPkb7jFOnnFM.1aiyOG8qwh9WhsFqHG');
/*!40000 ALTER TABLE `accounts` ENABLE KEYS */;
UNLOCK TABLES;

--
-- Table structure for table `clubs`
--

DROP TABLE IF EXISTS `clubs`;
/*!40101 SET @saved_cs_client     = @@character_set_client */;
/*!50503 SET character_set_client = utf8mb4 */;
CREATE TABLE `clubs` (
  `id` int NOT NULL AUTO_INCREMENT,
  `created` varchar(10) NOT NULL,
  `name` varchar(100) NOT NULL,
  PRIMARY KEY (`id`),
  UNIQUE KEY `clubs_id_uindex` (`id`),
  UNIQUE KEY `clubs_name_uindex` (`name`)
) ENGINE=InnoDB AUTO_INCREMENT=28 DEFAULT CHARSET=latin1;
/*!40101 SET character_set_client = @saved_cs_client */;

--
-- Dumping data for table `clubs`
--

LOCK TABLES `clubs` WRITE;
/*!40000 ALTER TABLE `clubs` DISABLE KEYS */;
INSERT INTO `clubs` VALUES (10,'2021-09-25','GK Bankov Košice'),(11,'2021-09-25','GK Trnava \"A\"'),(12,'2021-09-25','KDG Bratislava'),(13,'2021-09-25','1.MTGC Prievidza'),(14,'2021-09-25','GK Trnava \"B\"'),(15,'2021-09-25','MTGK Brezno'),(16,'2021-09-25','MGC Classic Košice'),(17,'2021-09-25','Relax Park Prešov'),(18,'2021-09-25','TJ MG Cheb'),(19,'2021-09-25','Seefeld- Kadolz');
/*!40000 ALTER TABLE `clubs` ENABLE KEYS */;
UNLOCK TABLES;

--
-- Table structure for table `courses`
--

DROP TABLE IF EXISTS `courses`;
/*!40101 SET @saved_cs_client     = @@character_set_client */;
/*!50503 SET character_set_client = utf8mb4 */;
CREATE TABLE `courses` (
  `id` int NOT NULL AUTO_INCREMENT,
  `created` varchar(10) NOT NULL,
  `name` varchar(50) NOT NULL,
  `lane_1` varchar(50) NOT NULL,
  `lane_2` varchar(50) NOT NULL,
  `lane_3` varchar(50) NOT NULL,
  `lane_4` varchar(50) NOT NULL,
  `lane_5` varchar(50) NOT NULL,
  `lane_6` varchar(50) NOT NULL,
  `lane_7` varchar(50) NOT NULL,
  `lane_8` varchar(50) NOT NULL,
  `lane_9` varchar(50) NOT NULL,
  `lane_10` varchar(50) NOT NULL,
  `lane_11` varchar(50) NOT NULL,
  `lane_12` varchar(50) NOT NULL,
  `lane_13` varchar(50) NOT NULL,
  `lane_14` varchar(50) NOT NULL,
  `lane_15` varchar(50) NOT NULL,
  `lane_16` varchar(50) NOT NULL,
  `lane_17` varchar(50) NOT NULL,
  `lane_18` varchar(50) NOT NULL,
  PRIMARY KEY (`id`),
  UNIQUE KEY `courses_id_uindex` (`id`)
) ENGINE=InnoDB AUTO_INCREMENT=5 DEFAULT CHARSET=latin1;
/*!40101 SET character_set_client = @saved_cs_client */;

--
-- Dumping data for table `courses`
--

LOCK TABLES `courses` WRITE;
/*!40000 ALTER TABLE `courses` DISABLE KEYS */;
INSERT INTO `courses` VALUES (3,'2021-09-25','Bankov','Segmenty','Trúbka','Ladvina','Karabach','Most','V','Uhol','Okno','Blesk','Pyramídy','Loping','Priecky','Brucho','Sopka','Vlny','Kvet','Slimák','Kôš');
/*!40000 ALTER TABLE `courses` ENABLE KEYS */;
UNLOCK TABLES;

--
-- Table structure for table `cups`
--

DROP TABLE IF EXISTS `cups`;
/*!40101 SET @saved_cs_client     = @@character_set_client */;
/*!50503 SET character_set_client = utf8mb4 */;
CREATE TABLE `cups` (
  `id` int NOT NULL AUTO_INCREMENT,
  `created` varchar(10) NOT NULL,
  `name` varchar(100) NOT NULL,
  `clubs_id_points` varchar(1000) NOT NULL,
  PRIMARY KEY (`id`),
  UNIQUE KEY `cup_id_uindex` (`id`),
  UNIQUE KEY `cups_name_uindex` (`name`)
) ENGINE=InnoDB AUTO_INCREMENT=8 DEFAULT CHARSET=latin1;
/*!40101 SET character_set_client = @saved_cs_client */;

--
-- Dumping data for table `cups`
--

LOCK TABLES `cups` WRITE;
/*!40000 ALTER TABLE `cups` DISABLE KEYS */;
/*!40000 ALTER TABLE `cups` ENABLE KEYS */;
UNLOCK TABLES;

--
-- Table structure for table `events`
--

DROP TABLE IF EXISTS `events`;
/*!40101 SET @saved_cs_client     = @@character_set_client */;
/*!50503 SET character_set_client = utf8mb4 */;
CREATE TABLE `events` (
  `id` int NOT NULL AUTO_INCREMENT,
  `created` varchar(10) NOT NULL,
  `name` varchar(100) NOT NULL,
  PRIMARY KEY (`id`),
  UNIQUE KEY `events_id_uindex` (`id`),
  UNIQUE KEY `events_name_uindex` (`name`)
) ENGINE=InnoDB AUTO_INCREMENT=14 DEFAULT CHARSET=latin1;
/*!40101 SET character_set_client = @saved_cs_client */;

--
-- Dumping data for table `events`
--

LOCK TABLES `events` WRITE;
/*!40000 ALTER TABLE `events` DISABLE KEYS */;
INSERT INTO `events` VALUES (11,'2021-09-25','Bankov'),(12,'2021-09-25','1.ligy SR 2021/2022 – 2.kolo (Košice)'),(13,'2021-09-25','turnaj test');
/*!40000 ALTER TABLE `events` ENABLE KEYS */;
UNLOCK TABLES;

--
-- Table structure for table `penalty`
--

DROP TABLE IF EXISTS `penalty`;
/*!40101 SET @saved_cs_client     = @@character_set_client */;
/*!50503 SET character_set_client = utf8mb4 */;
CREATE TABLE `penalty` (
  `id` int NOT NULL AUTO_INCREMENT,
  `created` varchar(10) NOT NULL,
  `event_id` int NOT NULL,
  `round_id` int NOT NULL,
  `score_id` int NOT NULL,
  `player_id` int NOT NULL,
  `penalty` int NOT NULL,
  `type` varchar(10) NOT NULL,
  `text` varchar(1000) DEFAULT NULL,
  PRIMARY KEY (`id`),
  UNIQUE KEY `penalty_id_uindex` (`id`)
) ENGINE=InnoDB AUTO_INCREMENT=16 DEFAULT CHARSET=latin1;
/*!40101 SET character_set_client = @saved_cs_client */;

--
-- Dumping data for table `penalty`
--

LOCK TABLES `penalty` WRITE;
/*!40000 ALTER TABLE `penalty` DISABLE KEYS */;
INSERT INTO `penalty` VALUES (12,'2021-09-25',13,21,363,24,7,'B','lopta'),(13,'2021-09-25',13,20,362,24,5,'B','o'),(14,'2021-09-25',13,21,351,21,1,'B','po');
/*!40000 ALTER TABLE `penalty` ENABLE KEYS */;
UNLOCK TABLES;

--
-- Table structure for table `players`
--

DROP TABLE IF EXISTS `players`;
/*!40101 SET @saved_cs_client     = @@character_set_client */;
/*!50503 SET character_set_client = utf8mb4 */;
CREATE TABLE `players` (
  `id` int NOT NULL AUTO_INCREMENT,
  `created` varchar(10) NOT NULL,
  `firstname` varchar(50) NOT NULL,
  `lastname` varchar(50) NOT NULL,
  `category` varchar(10) NOT NULL,
  `club_id` int DEFAULT NULL,
  PRIMARY KEY (`id`),
  UNIQUE KEY `players_id_uindex` (`id`)
) ENGINE=InnoDB AUTO_INCREMENT=71 DEFAULT CHARSET=latin1;
/*!40101 SET character_set_client = @saved_cs_client */;

--
-- Dumping data for table `players`
--

LOCK TABLES `players` WRITE;
/*!40000 ALTER TABLE `players` DISABLE KEYS */;
INSERT INTO `players` VALUES (21,'2021-09-25','Jaroslav','Murín','M',10),(22,'2021-09-25','Peter','Murín','MS2',10),(23,'2021-09-25','Marianna','Drabcikova','Z',10),(24,'2021-09-25','Pavol','Murín','M',10),(25,'2021-09-25','Michal','Drabcík','M',10),(26,'2021-09-25','Pavol','Vrchovinský','MS2',10),(27,'2021-09-25','Lukáš','Barylík','M',10),(28,'2021-09-25','Ján','Slivka','MS2',16),(29,'2021-09-25','Janka','Slivková','ZS',16),(30,'2021-09-25','Julián','Klein','MS1',16),(31,'2021-09-25','Rastislav','Kovác','M',16),(32,'2021-09-25','René','Šimanský','MS1',11),(33,'2021-09-25','Štefan','Eiben','MS2',10),(34,'2021-09-25','Jakub','Kalník','M',12),(35,'2021-09-25','Lubomír','Zontág','M',12),(36,'2021-09-25','Michal','Putnoky','MS2',13),(37,'2021-09-25','Ján','Paytina','M',12),(38,'2021-09-25','Milota','Carna','ZS',16),(39,'2021-09-25','Vanda','Kupcová','ZS',NULL),(40,'2021-09-25','František','Drgon','MS2',NULL),(41,'2021-09-25','Tibor','Meszároš','MS2',NULL),(42,'2021-09-25','Michal','Pajbach','M',NULL),(43,'2021-09-25','Milan','Luspaj','M',NULL),(44,'2021-09-25','Milan','Pätoprstý','M',NULL),(45,'2021-09-25','Štefan','Buchcar','MS2',NULL),(46,'2021-09-25','Marcel','Korínek','MS1',NULL),(47,'2021-09-25','Jozef','Cárny','MS2',NULL),(48,'2021-09-25','Vladimír ','Pravotiak','MS1',NULL),(49,'2021-09-25','Adrian','Obal','M',NULL),(50,'2021-09-25','Maroš','Jágerský','MS1',NULL),(51,'2021-09-25','Katarína','Belková','ZJ',NULL),(52,'2021-09-25','Ivan','Pätoprstý','MS2',NULL),(53,'2021-09-25','Ladislav','Ištván','MS1',NULL),(54,'2021-09-25','Božena','Pätoprstá','ZS',NULL),(55,'2021-09-25','Elena','Kupcová','Z',NULL),(56,'2021-09-25','Jakub','Šesták','M',NULL),(57,'2021-09-25','Ján','Tolarovic','MS1',NULL),(58,'2021-09-25','Michal','Ondovcík','MJ',NULL),(59,'2021-09-25','Richard','Gaži','MJ',NULL),(60,'2021-09-25','Vladislav','Oleár','MS1',NULL),(61,'2021-09-25','Viktória','Dudášová','ZJ',NULL),(62,'2021-09-25','Ján','Juhos','M',NULL),(63,'2021-09-25','Igor','Qualich','MS1',NULL),(64,'2021-09-25','Jozef','Kudernác','MS2',NULL),(65,'2021-09-25','Igor','Ondovcík','M',NULL),(66,'2021-09-25','Štefan','Trojcák','MS1',NULL),(67,'2021-09-25','Ivan','Tkác','MS2',NULL),(68,'2021-09-25','Angelika','Trojcáková','ZS',NULL),(69,'2021-09-25','Marek','Belko','M',NULL);
/*!40000 ALTER TABLE `players` ENABLE KEYS */;
UNLOCK TABLES;

--
-- Table structure for table `rounds`
--

DROP TABLE IF EXISTS `rounds`;
/*!40101 SET @saved_cs_client     = @@character_set_client */;
/*!50503 SET character_set_client = utf8mb4 */;
CREATE TABLE `rounds` (
  `id` int NOT NULL AUTO_INCREMENT,
  `created` varchar(10) NOT NULL,
  `event_id` int NOT NULL,
  `rounds` varchar(1000) NOT NULL,
  PRIMARY KEY (`id`),
  UNIQUE KEY `rounds_id_uindex` (`id`)
) ENGINE=InnoDB AUTO_INCREMENT=26 DEFAULT CHARSET=latin1;
/*!40101 SET character_set_client = @saved_cs_client */;

--
-- Dumping data for table `rounds`
--

LOCK TABLES `rounds` WRITE;
/*!40000 ALTER TABLE `rounds` DISABLE KEYS */;
INSERT INTO `rounds` VALUES (12,'2021-09-25',11,'[{\"courseId\":3,\"name\":\"E1\"},{\"courseId\":3,\"name\":\"E2\"},{\"courseId\":3,\"name\":\"E3\"},{\"courseId\":3,\"name\":\"E4\"}]'),(13,'2021-09-25',11,''),(14,'2021-09-25',11,''),(15,'2021-09-25',11,''),(16,'2021-09-25',12,'[{\"courseId\":3,\"name\":\"E1\"},{\"courseId\":3,\"name\":\"E2\"},{\"courseId\":3,\"name\":\"E3\"},{\"courseId\":3,\"name\":\"E4\"}]'),(17,'2021-09-25',12,''),(18,'2021-09-25',12,''),(19,'2021-09-25',12,''),(20,'2021-09-25',13,'[{\"courseId\":3,\"name\":\"E1\"},{\"courseId\":3,\"name\":\"E2\"},{\"courseId\":3,\"name\":\"E3\"},{\"courseId\":3,\"name\":\"E4\"}]'),(21,'2021-09-25',13,''),(22,'2021-09-25',13,''),(23,'2021-09-25',13,''),(25,'2022-01-23',2,'[{\"courseId\":1,\"name\":\"E1\"},{\"courseId\":2,\"name\":\"E2\"},{\"courseId\":3,\"name\":\"E3\"},{\"courseId\":4,\"name\":\"E4\"}]');
/*!40000 ALTER TABLE `rounds` ENABLE KEYS */;
UNLOCK TABLES;

--
-- Table structure for table `scores`
--

DROP TABLE IF EXISTS `scores`;
/*!40101 SET @saved_cs_client     = @@character_set_client */;
/*!50503 SET character_set_client = utf8mb4 */;
CREATE TABLE `scores` (
  `id` int NOT NULL AUTO_INCREMENT,
  `created` varchar(10) NOT NULL,
  `event_id` int NOT NULL,
  `round_id` int NOT NULL,
  `player_id` int NOT NULL,
  `club_id` int NOT NULL,
  `result` varchar(18) NOT NULL DEFAULT '000000000000000000',
  PRIMARY KEY (`id`),
  UNIQUE KEY `scores_id_uindex` (`id`),
  UNIQUE KEY `unique_score_on_player` (`event_id`,`round_id`,`player_id`)
) ENGINE=InnoDB AUTO_INCREMENT=406 DEFAULT CHARSET=latin1;
/*!40101 SET character_set_client = @saved_cs_client */;

--
-- Dumping data for table `scores`
--

LOCK TABLES `scores` WRITE;
/*!40000 ALTER TABLE `scores` DISABLE KEYS */;
INSERT INTO `scores` VALUES (78,'2021-09-25',11,12,21,10,'000000000000000000'),(79,'2021-09-25',11,13,21,10,'000000000000000000'),(80,'2021-09-25',11,14,21,10,'000000000000000000'),(81,'2021-09-25',11,15,21,10,'000000000000000000'),(82,'2021-09-25',11,12,22,10,'000000000000000000'),(83,'2021-09-25',11,13,22,10,'000000000000000000'),(84,'2021-09-25',11,14,22,10,'000000000000000000'),(85,'2021-09-25',11,15,22,10,'000000000000000000'),(86,'2021-09-25',11,12,23,10,'000000000000000000'),(87,'2021-09-25',11,13,23,10,'000000000000000000'),(88,'2021-09-25',11,14,23,10,'000000000000000000'),(89,'2021-09-25',11,15,23,10,'000000000000000000'),(90,'2021-09-25',11,12,24,10,'000000000000000000'),(91,'2021-09-25',11,13,24,10,'000000000000000000'),(92,'2021-09-25',11,14,24,10,'000000000000000000'),(93,'2021-09-25',11,15,24,10,'000000000000000000'),(94,'2021-09-25',11,12,25,10,'000000000000000000'),(95,'2021-09-25',11,13,25,10,'000000000000000000'),(96,'2021-09-25',11,14,25,10,'000000000000000000'),(97,'2021-09-25',11,15,25,10,'000000000000000000'),(98,'2021-09-25',11,12,26,10,'000000000000000000'),(99,'2021-09-25',11,13,26,10,'000000000000000000'),(100,'2021-09-25',11,14,26,10,'000000000000000000'),(101,'2021-09-25',11,15,26,10,'000000000000000000'),(102,'2021-09-25',11,12,27,10,'000000000000000000'),(103,'2021-09-25',11,13,27,10,'000000000000000000'),(104,'2021-09-25',11,14,27,10,'000000000000000000'),(105,'2021-09-25',11,15,27,10,'000000000000000000'),(106,'2021-09-25',11,12,28,10,'000000000000000000'),(107,'2021-09-25',11,13,28,10,'000000000000000000'),(108,'2021-09-25',11,14,28,10,'000000000000000000'),(109,'2021-09-25',11,15,28,10,'000000000000000000'),(110,'2021-09-25',11,12,29,11,'000000000000000000'),(111,'2021-09-25',11,13,29,11,'000000000000000000'),(112,'2021-09-25',11,14,29,11,'000000000000000000'),(113,'2021-09-25',11,15,29,11,'000000000000000000'),(114,'2021-09-25',11,12,30,11,'000000000000000000'),(115,'2021-09-25',11,13,30,11,'000000000000000000'),(116,'2021-09-25',11,14,30,11,'000000000000000000'),(117,'2021-09-25',11,15,30,11,'000000000000000000'),(118,'2021-09-25',11,12,33,12,'000000000000000000'),(119,'2021-09-25',11,13,33,12,'000000000000000000'),(120,'2021-09-25',11,14,33,12,'000000000000000000'),(121,'2021-09-25',11,15,33,12,'000000000000000000'),(122,'2021-09-25',11,12,35,12,'000000000000000000'),(123,'2021-09-25',11,13,35,12,'000000000000000000'),(124,'2021-09-25',11,14,35,12,'000000000000000000'),(125,'2021-09-25',11,15,35,12,'000000000000000000'),(126,'2021-09-25',11,12,34,12,'000000000000000000'),(127,'2021-09-25',11,13,34,12,'000000000000000000'),(128,'2021-09-25',11,14,34,12,'000000000000000000'),(129,'2021-09-25',11,15,34,12,'000000000000000000'),(142,'2021-09-25',12,16,33,10,'132121212122111123'),(143,'2021-09-25',12,17,33,10,'242112121211111221'),(144,'2021-09-25',12,18,33,10,'111111211111111111'),(145,'2021-09-25',12,19,33,10,'121211221132111111'),(146,'2021-09-25',12,16,36,13,'111221111112211121'),(147,'2021-09-25',12,17,36,13,'112311112111212111'),(148,'2021-09-25',12,18,36,13,'211111221121111121'),(149,'2021-09-25',12,19,36,13,'212111221111111111'),(150,'2021-09-25',12,16,37,12,'211111212112112131'),(151,'2021-09-25',12,17,37,12,'111211213122112111'),(152,'2021-09-25',12,18,37,12,'211111111112212111'),(153,'2021-09-25',12,19,37,12,'231111211122112111'),(154,'2021-09-25',12,16,38,16,'212211111112111131'),(155,'2021-09-25',12,17,38,16,'352321224311712162'),(156,'2021-09-25',12,18,38,16,'113311211123312111'),(157,'2021-09-25',12,19,38,16,'133121212123111232'),(158,'2021-09-25',12,16,39,15,'331221212122111111'),(159,'2021-09-25',12,17,39,15,'111211212122112152'),(160,'2021-09-25',12,18,39,15,'121221211112412111'),(161,'2021-09-25',12,19,39,15,'121111212312111111'),(162,'2021-09-25',12,16,40,11,'155221111112452121'),(163,'2021-09-25',12,17,40,11,'213121253113112141'),(164,'2021-09-25',12,18,40,11,'132121211111322111'),(165,'2021-09-25',12,19,40,11,'212111113121211111'),(166,'2021-09-25',12,16,23,10,'111221111121112111'),(167,'2021-09-25',12,17,23,10,'411211211211111121'),(168,'2021-09-25',12,18,23,10,'213321111211111112'),(169,'2021-09-25',12,19,23,10,'212721111113312111'),(170,'2021-09-25',12,16,41,13,'113211121122112111'),(171,'2021-09-25',12,17,41,13,'121121111122111121'),(172,'2021-09-25',12,18,41,13,'111321213112111211'),(173,'2021-09-25',12,19,41,13,'312521211121111111'),(174,'2021-09-25',12,16,42,12,'123111113222111112'),(175,'2021-09-25',12,17,42,12,'141322211123111113'),(176,'2021-09-25',12,18,42,12,'131421222222112122'),(177,'2021-09-25',12,19,42,12,'121111141323211113'),(178,'2021-09-25',12,16,28,16,'162121212211311121'),(179,'2021-09-25',12,17,28,16,'111221211111112213'),(180,'2021-09-25',12,18,28,16,'116122111312111121'),(181,'2021-09-25',12,19,28,16,'213111131111111141'),(182,'2021-09-25',12,16,43,15,'151121112111111111'),(183,'2021-09-25',12,17,43,15,'221321112111211111'),(184,'2021-09-25',12,18,43,15,'221111122121111221'),(185,'2021-09-25',12,19,43,15,'121121112122111113'),(186,'2021-09-25',12,16,44,11,'232211221122211131'),(187,'2021-09-25',12,17,44,11,'123121122112112111'),(188,'2021-09-25',12,18,44,11,'131211111121111121'),(189,'2021-09-25',12,19,44,11,'111111122421111111'),(190,'2021-09-25',12,16,22,10,'112111122211312122'),(191,'2021-09-25',12,17,22,10,'221121111311211111'),(192,'2021-09-25',12,18,22,10,'112211211121111111'),(193,'2021-09-25',12,19,22,10,'112211111112111111'),(194,'2021-09-25',12,16,45,13,'311121352122112131'),(195,'2021-09-25',12,17,45,13,'221121231122411121'),(196,'2021-09-25',12,18,45,13,'112111211221121111'),(197,'2021-09-25',12,19,45,13,'111111111212111121'),(198,'2021-09-25',12,16,46,12,'113111221121111111'),(199,'2021-09-25',12,17,46,12,'111221122122111111'),(200,'2021-09-25',12,18,46,12,'121411112121111111'),(201,'2021-09-25',12,19,46,12,'121211111111211111'),(202,'2021-09-25',12,16,47,16,'211221221122412111'),(203,'2021-09-25',12,17,47,16,'121211211111411121'),(204,'2021-09-25',12,18,47,16,'322211211122612121'),(205,'2021-09-25',12,19,47,16,'111111212112111111'),(206,'2021-09-25',12,16,48,15,'112221111121111111'),(207,'2021-09-25',12,17,48,15,'131121111121111121'),(208,'2021-09-25',12,18,48,15,'111111223111111111'),(209,'2021-09-25',12,19,48,15,'111111211111111121'),(210,'2021-09-25',12,16,49,11,'321111112112121111'),(211,'2021-09-25',12,17,49,11,'132121112121711121'),(212,'2021-09-25',12,18,49,11,'111111211112411211'),(213,'2021-09-25',12,19,49,11,'211121212111111111'),(214,'2021-09-25',12,16,24,10,'111411111111111121'),(215,'2021-09-25',12,17,24,10,'121121112111112111'),(216,'2021-09-25',12,18,24,10,'111211111112111111'),(217,'2021-09-25',12,19,24,10,'222221111111111121'),(218,'2021-09-25',12,16,50,13,'111111121111311111'),(219,'2021-09-25',12,17,50,13,'112121211223111111'),(220,'2021-09-25',12,18,50,13,'121111112121111111'),(221,'2021-09-25',12,19,50,13,'131111131112211111'),(222,'2021-09-25',12,16,34,12,'112121212121211111'),(223,'2021-09-25',12,17,34,12,'311211221122112111'),(224,'2021-09-25',12,18,34,12,'121221121121111111'),(225,'2021-09-25',12,19,34,12,'231111131112111131'),(226,'2021-09-25',12,16,29,16,'141411121111512141'),(227,'2021-09-25',12,17,29,16,'221521221112112212'),(228,'2021-09-25',12,18,29,16,'112121222112111111'),(229,'2021-09-25',12,19,29,16,'233111111312211121'),(230,'2021-09-25',12,16,51,15,'111221112121111111'),(231,'2021-09-25',12,17,51,15,'121221111323112111'),(232,'2021-09-25',12,18,51,15,'121721112125111111'),(233,'2021-09-25',12,19,51,15,'111111111111511111'),(234,'2021-09-25',12,16,52,11,'136112132122111111'),(235,'2021-09-25',12,17,52,11,'233221112122111111'),(236,'2021-09-25',12,18,52,11,'111111121111111411'),(237,'2021-09-25',12,19,52,11,'126412112112511111'),(238,'2021-09-25',12,16,27,10,'122211111111111111'),(239,'2021-09-25',12,17,27,10,'311111211121111121'),(240,'2021-09-25',12,18,27,10,'211111221111111111'),(241,'2021-09-25',12,19,27,10,'211211222122111111'),(242,'2021-09-25',12,16,35,12,'111111112221112111'),(243,'2021-09-25',12,17,35,12,'111121113121111111'),(244,'2021-09-25',12,18,35,12,'111211211111112111'),(245,'2021-09-25',12,19,35,12,'111211111121111121'),(258,'2021-09-25',12,16,30,16,'121311111112211111'),(259,'2021-09-25',12,17,30,16,'122221112121111111'),(260,'2021-09-25',12,18,30,16,'152521211121111111'),(261,'2021-09-25',12,19,30,16,'112122121111111111'),(262,'2021-09-25',12,16,53,15,'123221122123211131'),(263,'2021-09-25',12,17,53,15,'143111122111411211'),(264,'2021-09-25',12,18,53,15,'111211112212111121'),(265,'2021-09-25',12,19,53,15,'112121112121411121'),(266,'2021-09-25',12,16,54,11,'234221141112512111'),(267,'2021-09-25',12,17,54,11,'111121222111711121'),(268,'2021-09-25',12,18,54,11,'431111121121411141'),(269,'2021-09-25',12,19,54,11,'141211121121212221'),(270,'2021-09-25',12,16,21,10,'111121111121111121'),(271,'2021-09-25',12,17,21,10,'111121111111111121'),(272,'2021-09-25',12,18,21,10,'114121111111312111'),(273,'2021-09-25',12,19,21,10,'111111111111111121'),(274,'2021-09-25',12,16,31,16,'111111111111112121'),(275,'2021-09-25',12,17,31,16,'111121221112111141'),(276,'2021-09-25',12,18,31,16,'111211212122511121'),(277,'2021-09-25',12,19,31,16,'111122111221112111'),(278,'2021-09-25',12,16,55,15,'123321212121312111'),(279,'2021-09-25',12,17,55,15,'121521123111111111'),(280,'2021-09-25',12,18,55,15,'111321121121111121'),(281,'2021-09-25',12,19,55,15,'111211211221211111'),(282,'2021-09-25',12,16,32,11,'121111121111211121'),(283,'2021-09-25',12,17,32,11,'121111211122111111'),(284,'2021-09-25',12,18,32,11,'111111211112111111'),(285,'2021-09-25',12,19,32,11,'123311122111312121'),(286,'2021-09-25',12,16,56,10,'152121121222122112'),(287,'2021-09-25',12,17,56,10,'111121131111112121'),(288,'2021-09-25',12,18,56,10,'126111212312112224'),(289,'2021-09-25',12,19,56,10,'341121122112412124'),(290,'2021-09-25',12,16,25,10,'111221121322611121'),(291,'2021-09-25',12,17,25,10,'112411122111311111'),(292,'2021-09-25',12,18,25,10,'121121221112112121'),(293,'2021-09-25',12,19,25,10,'112121211222412112'),(294,'2021-09-25',12,16,57,18,'141111111121111111'),(295,'2021-09-25',12,17,57,18,'111212111221121111'),(296,'2021-09-25',12,18,57,18,'211121112121111111'),(297,'2021-09-25',12,19,57,18,'131111111112411111'),(298,'2021-09-25',12,16,58,16,'231712112422122212'),(299,'2021-09-25',12,17,58,16,'171222242322112137'),(300,'2021-09-25',12,18,58,16,'224421213222432141'),(301,'2021-09-25',12,19,58,16,'224115113123412113'),(302,'2021-09-25',12,16,59,16,'226423212242222122'),(303,'2021-09-25',12,17,59,16,'123121221112122136'),(304,'2021-09-25',12,18,59,16,'111121521122112123'),(305,'2021-09-25',12,19,59,16,'223121244131312211'),(306,'2021-09-25',12,16,26,10,'112111231111112111'),(307,'2021-09-25',12,17,26,10,'427211141112112112'),(308,'2021-09-25',12,18,26,10,'341211131211211121'),(309,'2021-09-25',12,19,26,10,'233221122121312112'),(310,'2021-09-25',12,16,60,16,'161121251112112114'),(311,'2021-09-25',12,17,60,16,'114121122121212111'),(312,'2021-09-25',12,18,60,16,'332111213111111111'),(313,'2021-09-25',12,19,60,16,'151111111113221233'),(314,'2021-09-25',12,16,61,16,'315221212113312121'),(315,'2021-09-25',12,17,61,16,'223313122112412222'),(316,'2021-09-25',12,18,61,16,'272122222222411112'),(317,'2021-09-25',12,19,61,16,'141121211113711211'),(318,'2021-09-25',12,16,62,12,'231321121122311231'),(319,'2021-09-25',12,17,62,12,'231121211112211114'),(320,'2021-09-25',12,18,62,12,'111221111111112121'),(321,'2021-09-25',12,19,62,12,'123112211321111321'),(322,'2021-09-25',12,16,63,19,'111111341221111111'),(323,'2021-09-25',12,17,63,19,'112121111112511111'),(324,'2021-09-25',12,18,63,19,'121111111112121121'),(325,'2021-09-25',12,19,63,19,'112111212111211111'),(326,'2021-09-25',12,16,64,10,'152521111121311121'),(327,'2021-09-25',12,17,64,10,'331111221112211121'),(328,'2021-09-25',12,18,64,10,'121121242122712231'),(329,'2021-09-25',12,19,64,10,'123112121212112121'),(330,'2021-09-25',12,16,65,16,'233421124411312331'),(331,'2021-09-25',12,17,65,16,'113112234322112151'),(332,'2021-09-25',12,18,65,16,'242311123232122122'),(333,'2021-09-25',12,19,65,16,'323112122411112114'),(334,'2021-09-25',12,16,66,10,'131111111221112121'),(335,'2021-09-25',12,17,66,10,'152221111113112111'),(336,'2021-09-25',12,18,66,10,'121121211122112121'),(337,'2021-09-25',12,19,66,10,'111411121122412111'),(338,'2021-09-25',12,16,67,10,'242511213111112112'),(339,'2021-09-25',12,17,67,10,'111222113123112112'),(340,'2021-09-25',12,18,67,10,'172123121122112122'),(341,'2021-09-25',12,19,67,10,'151221232123112111'),(342,'2021-09-25',12,16,68,10,'463111122122312131'),(343,'2021-09-25',12,17,68,10,'133311122413112111'),(344,'2021-09-25',12,18,68,10,'313511242122222113'),(345,'2021-09-25',12,19,68,10,'171111211121422111'),(346,'2021-09-25',12,16,69,15,'221221222124712111'),(347,'2021-09-25',12,17,69,15,'243422422131213221'),(348,'2021-09-25',12,18,69,15,'231124212123222122'),(349,'2021-09-25',12,19,69,15,'351121223113212111'),(350,'2021-09-25',13,20,21,10,'111111151111111111'),(351,'2021-09-25',13,21,21,10,'121212121212121111'),(352,'2021-09-25',13,22,21,10,'000000000000000000'),(353,'2021-09-25',13,23,21,10,'000000000000000000'),(354,'2021-09-25',13,20,22,10,'111111111111111111'),(355,'2021-09-25',13,21,22,10,'111112121212121212'),(356,'2021-09-25',13,22,22,10,'111111111111111111'),(357,'2021-09-25',13,23,22,10,'111111111111111117'),(358,'2021-09-25',13,20,23,10,'111111111111111117'),(359,'2021-09-25',13,21,23,10,'000000000000000000'),(360,'2021-09-25',13,22,23,10,'000000000000000000'),(361,'2021-09-25',13,23,23,10,'000000000000000000'),(362,'2021-09-25',13,20,24,10,'111111111111111111'),(363,'2021-09-25',13,21,24,10,'111111111111111117'),(364,'2021-09-25',13,22,24,10,'000000000000000000'),(365,'2021-09-25',13,23,24,10,'000000000000000000'),(366,'2021-09-25',13,20,25,10,'111111111111111117'),(367,'2021-09-25',13,21,25,10,'000000000000000000'),(368,'2021-09-25',13,22,25,10,'000000000000000000'),(369,'2021-09-25',13,23,25,10,'000000000000000000'),(370,'2021-09-25',13,20,26,10,'745121111111111111'),(371,'2021-09-25',13,21,26,10,'311111111111111114'),(372,'2021-09-25',13,22,26,10,'000000000000000000'),(373,'2021-09-25',13,23,26,10,'000000000000000000'),(374,'2021-09-25',13,20,30,16,'121212121212121111'),(375,'2021-09-25',13,21,30,16,'333333333333333337'),(376,'2021-09-25',13,22,30,16,'000000000000000000'),(377,'2021-09-25',13,23,30,16,'000000000000000000'),(378,'2021-09-25',13,20,31,16,'112121111111111111'),(379,'2021-09-25',13,21,31,16,'223232322212121212'),(380,'2021-09-25',13,22,31,16,'000000000000000000'),(381,'2021-09-25',13,23,31,16,'000000000000000000'),(382,'2021-09-25',13,20,38,16,'121212121212121211'),(383,'2021-09-25',13,21,38,16,'000000000000000000'),(384,'2021-09-25',13,22,38,16,'000000000000000000'),(385,'2021-09-25',13,23,38,16,'000000000000000000'),(386,'2021-09-25',13,20,34,12,'177111111111111111'),(387,'2021-09-25',13,21,34,12,'111111111111111117'),(388,'2021-09-25',13,22,34,12,'000000000000000000'),(389,'2021-09-25',13,23,34,12,'000000000000000000'),(390,'2021-09-25',13,20,35,12,'323232323232321212'),(391,'2021-09-25',13,21,35,12,'111111111111111111'),(392,'2021-09-25',13,22,35,12,'000000000000000000'),(393,'2021-09-25',13,23,35,12,'000000000000000000'),(394,'2021-09-25',13,20,46,12,'111111111111111111'),(395,'2021-09-25',13,21,46,12,'111111111222222227'),(396,'2021-09-25',13,22,46,12,'000000000000000000'),(397,'2021-09-25',13,23,46,12,'000000000000000000');
/*!40000 ALTER TABLE `scores` ENABLE KEYS */;
UNLOCK TABLES;

--
-- Table structure for table `snapshots`
--

DROP TABLE IF EXISTS `snapshots`;
/*!40101 SET @saved_cs_client     = @@character_set_client */;
/*!50503 SET character_set_client = utf8mb4 */;
CREATE TABLE `snapshots` (
  `id` int NOT NULL AUTO_INCREMENT,
  `created` varchar(10) COLLATE utf8mb4_unicode_ci NOT NULL,
  `event_id` int NOT NULL,
  `snapshot` varchar(10000) COLLATE utf8mb4_unicode_ci DEFAULT NULL,
  PRIMARY KEY (`id`),
  UNIQUE KEY `snapshots_event_id_uindex` (`event_id`),
  UNIQUE KEY `snapshots_id_uindex` (`id`)
) ENGINE=InnoDB DEFAULT CHARSET=utf8mb4 COLLATE=utf8mb4_unicode_ci;
/*!40101 SET character_set_client = @saved_cs_client */;

--
-- Dumping data for table `snapshots`
--

LOCK TABLES `snapshots` WRITE;
/*!40000 ALTER TABLE `snapshots` DISABLE KEYS */;
/*!40000 ALTER TABLE `snapshots` ENABLE KEYS */;
UNLOCK TABLES;

--
-- Table structure for table `teams`
--

DROP TABLE IF EXISTS `teams`;
/*!40101 SET @saved_cs_client     = @@character_set_client */;
/*!50503 SET character_set_client = utf8mb4 */;
CREATE TABLE `teams` (
  `id` int NOT NULL AUTO_INCREMENT,
  `created` varchar(10) NOT NULL,
  `event_id` int NOT NULL,
  `club_id` int NOT NULL,
  `player_1` int DEFAULT NULL,
  `player_2` int DEFAULT NULL,
  `player_3` int DEFAULT NULL,
  `player_4` int DEFAULT NULL,
  `player_5` int DEFAULT NULL,
  `player_6` int DEFAULT NULL,
  PRIMARY KEY (`id`),
  UNIQUE KEY `teams_id_uindex` (`id`)
) ENGINE=InnoDB AUTO_INCREMENT=20 DEFAULT CHARSET=latin1;
/*!40101 SET character_set_client = @saved_cs_client */;

--
-- Dumping data for table `teams`
--

LOCK TABLES `teams` WRITE;
/*!40000 ALTER TABLE `teams` DISABLE KEYS */;
INSERT INTO `teams` VALUES (8,'2021-09-25',11,10,21,22,23,24,25,26),(9,'2021-09-25',11,11,29,30,29,30,29,30),(10,'2021-09-25',11,12,33,34,35,33,35,34),(11,'2021-09-25',12,10,33,23,22,24,27,21),(12,'2021-09-25',12,13,36,41,45,50,NULL,NULL),(13,'2021-09-25',12,12,37,42,46,34,35,NULL),(14,'2021-09-25',12,16,38,28,47,29,30,31),(15,'2021-09-25',12,15,39,43,48,51,53,55),(16,'2021-09-25',12,11,40,44,49,52,54,NULL),(17,'2021-09-25',13,10,21,22,23,24,25,26),(18,'2021-09-25',13,12,34,35,46,56,NULL,NULL);
/*!40000 ALTER TABLE `teams` ENABLE KEYS */;
UNLOCK TABLES;
/*!40103 SET TIME_ZONE=@OLD_TIME_ZONE */;

/*!40101 SET SQL_MODE=@OLD_SQL_MODE */;
/*!40014 SET FOREIGN_KEY_CHECKS=@OLD_FOREIGN_KEY_CHECKS */;
/*!40014 SET UNIQUE_CHECKS=@OLD_UNIQUE_CHECKS */;
/*!40101 SET CHARACTER_SET_CLIENT=@OLD_CHARACTER_SET_CLIENT */;
/*!40101 SET CHARACTER_SET_RESULTS=@OLD_CHARACTER_SET_RESULTS */;
/*!40101 SET COLLATION_CONNECTION=@OLD_COLLATION_CONNECTION */;
/*!40111 SET SQL_NOTES=@OLD_SQL_NOTES */;

-- Dump completed on 2022-01-23 11:25:00
